Number,Id,Label
0,IMG_1118.JPG,0
1,IMG_1128.JPG,0
2,IMG_1138.JPG,0
3,IMG_1148.JPG,0
4,IMG_1158.JPG,0
5,IMG_1169.JPG,0
6,IMG_1179.JPG,0
7,IMG_1189.JPG,0
8,IMG_1199.JPG,0
9,IMG_1209.JPG,0
10,IMG_1219.JPG,0
11,IMG_1229.JPG,0
12,IMG_1239.JPG,0
13,IMG_1249.JPG,0
14,IMG_1260.JPG,0
15,IMG_1270.JPG,0
16,IMG_1280.JPG,0
17,IMG_1290.JPG,0
18,IMG_1301.JPG,0
19,IMG_1312.JPG,0
20,IMG_1322.JPG,0
21,IMG_4040.JPG,0
22,IMG_4049.JPG,0
23,IMG_4059.JPG,0
24,IMG_4069.JPG,0
25,IMG_4079.JPG,0
26,IMG_4089.JPG,0
27,IMG_4099.JPG,0
28,IMG_4109.JPG,0
29,IMG_4119.JPG,0
30,IMG_4129.JPG,0
31,IMG_4139.JPG,0
32,IMG_4149.JPG,0
33,IMG_4159.JPG,0
34,IMG_4170.JPG,0
35,IMG_4181.JPG,0
36,IMG_4193.JPG,0
37,IMG_4203.JPG,0
38,IMG_4213.JPG,0
39,IMG_4223.JPG,0
40,IMG_4233.JPG,0
41,IMG_4243.JPG,0
42,IMG_4254.JPG,0
43,IMG_4266.JPG,0
44,IMG_4276.JPG,0
45,IMG_4286.JPG,0
46,IMG_4296.JPG,0
47,IMG_4306.JPG,0
48,IMG_4316.JPG,0
49,IMG_4327.JPG,0
50,IMG_4338.JPG,0
51,IMG_4348.JPG,0
52,IMG_4359.JPG,0
53,IMG_4370.JPG,0
54,IMG_4381.JPG,0
55,IMG_4391.JPG,0
56,IMG_4403.JPG,0
57,IMG_4413.JPG,0
58,IMG_4423.JPG,0
59,IMG_4435.JPG,0
60,IMG_4446.JPG,0
61,IMG_4456.JPG,0
62,IMG_4466.JPG,0
63,IMG_4476.JPG,0
64,IMG_4486.JPG,0
65,IMG_4496.JPG,0
66,IMG_4506.JPG,0
67,IMG_4533.JPG,0
68,IMG_4543.JPG,0
69,IMG_4554.JPG,0
70,IMG_4564.JPG,0
71,IMG_4574.JPG,0
72,IMG_4584.JPG,0
73,IMG_4594.JPG,0
74,IMG_4604.JPG,0
75,IMG_4614.JPG,0
76,IMG_4624.JPG,0
77,IMG_4634.JPG,0
78,IMG_4644.JPG,0
79,IMG_4674.JPG,0
80,IMG_4684.JPG,0
81,IMG_4694.JPG,0
82,IMG_4704.JPG,0
83,IMG_4715.JPG,0
84,IMG_4725.JPG,0
85,IMG_4735.JPG,0
86,IMG_4745.JPG,0
87,IMG_4755.JPG,0
88,IMG_4765.JPG,0
89,IMG_4776.JPG,0
90,IMG_4786.JPG,0
91,IMG_4796.JPG,0
92,IMG_4807.JPG,0
93,IMG_4826.JPG,0
94,IMG_4836.JPG,0
95,IMG_4846.JPG,0
96,IMG_4856.JPG,0
97,IMG_4866.JPG,0
98,IMG_4876.JPG,0
99,IMG_4886.JPG,0
100,IMG_4896.JPG,0
101,IMG_4906.JPG,0
102,IMG_4916.JPG,0
103,IMG_4926.JPG,0
104,IMG_4936.JPG,0
105,IMG_4946.JPG,0
106,IMG_4956.JPG,0
107,IMG_4966.JPG,0
108,IMG_4976.JPG,0
109,IMG_4986.JPG,0
110,IMG_4996.JPG,0
111,IMG_5007.JPG,0
112,IMG_5017.JPG,0
113,IMG_5028.JPG,0
114,IMG_5042.JPG,0
115,IMG_5053.JPG,0
116,IMG_5063.JPG,0
117,IMG_5074.JPG,0
118,IMG_5091.JPG,0
119,IMG_5101.JPG,0
120,IMG_5111.JPG,0
121,IMG_5122.JPG,0
122,IMG_5132.JPG,0
123,IMG_5142.JPG,0
124,IMG_5152.JPG,0
125,IMG_5163.JPG,0
126,IMG_5173.JPG,0
127,IMG_5183.JPG,0
128,IMG_5193.JPG,0
129,IMG_5203.JPG,0
130,IMG_5213.JPG,0
131,IMG_5223.JPG,0
132,IMG_5234.JPG,0
133,IMG_5244.JPG,0
134,IMG_5255.JPG,0
135,IMG_5266.JPG,0
136,IMG_5276.JPG,0
137,IMG_5286.JPG,0
138,IMG_5297.JPG,0
139,IMG_5308.JPG,0
140,IMG_5318.JPG,0
141,IMG_5328.JPG,0
142,IMG_5341.JPG,0
143,IMG_5350.JPG,0
144,IMG_5360.JPG,0
145,IMG_5370.JPG,0
146,IMG_5380.JPG,0
147,IMG_5390.JPG,0
148,IMG_5400.JPG,0
149,IMG_5412.JPG,0
150,IMG_5422.JPG,0
151,IMG_5446.JPG,0
152,IMG_5456.JPG,0
153,IMG_5466.JPG,0
154,IMG_5476.JPG,0
155,IMG_5486.JPG,0
156,IMG_5497.JPG,0
157,IMG_5507.JPG,0
158,IMG_5517.JPG,0
159,IMG_5527.JPG,0
160,IMG_5537.JPG,0
161,IMG_5547.JPG,0
162,IMG_5562.JPG,0
163,IMG_5572.JPG,0
164,IMG_5582.JPG,0
165,IMG_5592.JPG,0
166,IMG_5603.JPG,0
167,IMG_5615.JPG,0
168,IMG_5625.JPG,0
169,IMG_5635.JPG,0
170,IMG_5645.JPG,0
171,IMG_5655.JPG,0
172,IMG_5665.JPG,0
173,IMG_5675.JPG,0
174,IMG_5685.JPG,0
175,IMG_5695.JPG,0
176,IMG_5705.JPG,0
177,IMG_5716.JPG,0
178,IMG_5726.JPG,0
179,IMG_5736.JPG,0
180,IMG_5746.JPG,0
181,IMG_5756.JPG,0
182,IMG_5766.JPG,0
183,IMG_5776.JPG,0
184,IMG_5786.JPG,0
185,IMG_5796.JPG,0
186,IMG_5806.JPG,0
187,IMG_5816.JPG,0
188,IMG_5826.JPG,0
189,IMG_5837.JPG,0
190,IMG_5847.JPG,0
191,IMG_5857.JPG,0
192,IMG_5867.JPG,0
193,IMG_5877.JPG,0
194,IMG_5887.JPG,0
195,IMG_5897.JPG,0
196,IMG_5907.JPG,0
197,IMG_5918.JPG,0
198,IMG_5928.JPG,0
199,IMG_5938.JPG,0
200,IMG_5950.JPG,0
201,IMG_5960.JPG,0
202,IMG_5971.JPG,0
203,IMG_5981.JPG,0
204,IMG_5991.JPG,0
205,IMG_1119.JPG,1
206,IMG_1129.JPG,1
207,IMG_1139.JPG,1
208,IMG_1149.JPG,1
209,IMG_1159.JPG,1
210,IMG_1170.JPG,1
211,IMG_1180.JPG,1
212,IMG_1190.JPG,1
213,IMG_1200.JPG,1
214,IMG_1210.JPG,1
215,IMG_1220.JPG,1
216,IMG_1230.JPG,1
217,IMG_1240.JPG,1
218,IMG_1250.JPG,1
219,IMG_1261.JPG,1
220,IMG_1271.JPG,1
221,IMG_1281.JPG,1
222,IMG_1291.JPG,1
223,IMG_1302.JPG,1
224,IMG_1313.JPG,1
225,IMG_1323.JPG,1
226,IMG_4041.JPG,1
227,IMG_4050.JPG,1
228,IMG_4060.JPG,1
229,IMG_4070.JPG,1
230,IMG_4080.JPG,1
231,IMG_4090.JPG,1
232,IMG_4100.JPG,1
233,IMG_4110.JPG,1
234,IMG_4120.JPG,1
235,IMG_4130.JPG,1
236,IMG_4140.JPG,1
237,IMG_4150.JPG,1
238,IMG_4160.JPG,1
239,IMG_4172.JPG,1
240,IMG_4182.JPG,1
241,IMG_4194.JPG,1
242,IMG_4204.JPG,1
243,IMG_4214.JPG,1
244,IMG_4224.JPG,1
245,IMG_4234.JPG,1
246,IMG_4244.JPG,1
247,IMG_4255.JPG,1
248,IMG_4267.JPG,1
249,IMG_4277.JPG,1
250,IMG_4287.JPG,1
251,IMG_4297.JPG,1
252,IMG_4307.JPG,1
253,IMG_4318.JPG,1
254,IMG_4329.JPG,1
255,IMG_4339.JPG,1
256,IMG_4349.JPG,1
257,IMG_4360.JPG,1
258,IMG_4371.JPG,1
259,IMG_4382.JPG,1
260,IMG_4392.JPG,1
261,IMG_4404.JPG,1
262,IMG_4414.JPG,1
263,IMG_4424.JPG,1
264,IMG_4437.JPG,1
265,IMG_4447.JPG,1
266,IMG_4457.JPG,1
267,IMG_4467.JPG,1
268,IMG_4477.JPG,1
269,IMG_4487.JPG,1
270,IMG_4497.JPG,1
271,IMG_4507.JPG,1
272,IMG_4534.JPG,1
273,IMG_4544.JPG,1
274,IMG_4555.JPG,1
275,IMG_4565.JPG,1
276,IMG_4575.JPG,1
277,IMG_4585.JPG,1
278,IMG_4595.JPG,1
279,IMG_4605.JPG,1
280,IMG_4615.JPG,1
281,IMG_4625.JPG,1
282,IMG_4635.JPG,1
283,IMG_4645.JPG,1
284,IMG_4675.JPG,1
285,IMG_4685.JPG,1
286,IMG_4696.JPG,1
287,IMG_4705.JPG,1
288,IMG_4716.JPG,1
289,IMG_4726.JPG,1
290,IMG_4736.JPG,1
291,IMG_4746.JPG,1
292,IMG_4756.JPG,1
293,IMG_4766.JPG,1
294,IMG_4777.JPG,1
295,IMG_4787.JPG,1
296,IMG_4797.JPG,1
297,IMG_4806.JPG,1
298,IMG_4827.JPG,1
299,IMG_4837.JPG,1
300,IMG_4847.JPG,1
301,IMG_4857.JPG,1
302,IMG_4867.JPG,1
303,IMG_4877.JPG,1
304,IMG_4887.JPG,1
305,IMG_4897.JPG,1
306,IMG_4907.JPG,1
307,IMG_4917.JPG,1
308,IMG_4927.JPG,1
309,IMG_4937.JPG,1
310,IMG_4947.JPG,1
311,IMG_4957.JPG,1
312,IMG_4967.JPG,1
313,IMG_4977.JPG,1
314,IMG_4987.JPG,1
315,IMG_4997.JPG,1
316,IMG_5008.JPG,1
317,IMG_5018.JPG,1
318,IMG_5029.JPG,1
319,IMG_5043.JPG,1
320,IMG_5044.JPG,1
321,IMG_5054.JPG,1
322,IMG_5064.JPG,1
323,IMG_5075.JPG,1
324,IMG_5092.JPG,1
325,IMG_5102.JPG,1
326,IMG_5112.JPG,1
327,IMG_5123.JPG,1
328,IMG_5133.JPG,1
329,IMG_5143.JPG,1
330,IMG_5153.JPG,1
331,IMG_5164.JPG,1
332,IMG_5175.JPG,1
333,IMG_5184.JPG,1
334,IMG_5194.JPG,1
335,IMG_5204.JPG,1
336,IMG_5214.JPG,1
337,IMG_5224.JPG,1
338,IMG_5235.JPG,1
339,IMG_5245.JPG,1
340,IMG_5256.JPG,1
341,IMG_5267.JPG,1
342,IMG_5277.JPG,1
343,IMG_5287.JPG,1
344,IMG_5298.JPG,1
345,IMG_5309.JPG,1
346,IMG_5319.JPG,1
347,IMG_5329.JPG,1
348,IMG_5340.JPG,1
349,IMG_5351.JPG,1
350,IMG_5361.JPG,1
351,IMG_5371.JPG,1
352,IMG_5381.JPG,1
353,IMG_5391.JPG,1
354,IMG_5401.JPG,1
355,IMG_5413.JPG,1
356,IMG_5423.JPG,1
357,IMG_5447.JPG,1
358,IMG_5457.JPG,1
359,IMG_5467.JPG,1
360,IMG_5477.JPG,1
361,IMG_5487.JPG,1
362,IMG_5498.JPG,1
363,IMG_5508.JPG,1
364,IMG_5518.JPG,1
365,IMG_5528.JPG,1
366,IMG_5538.JPG,1
367,IMG_5549.JPG,1
368,IMG_5563.JPG,1
369,IMG_5573.JPG,1
370,IMG_5583.JPG,1
371,IMG_5593.JPG,1
372,IMG_5604.JPG,1
373,IMG_5616.JPG,1
374,IMG_5626.JPG,1
375,IMG_5636.JPG,1
376,IMG_5646.JPG,1
377,IMG_5656.JPG,1
378,IMG_5666.JPG,1
379,IMG_5676.JPG,1
380,IMG_5686.JPG,1
381,IMG_5696.JPG,1
382,IMG_5706.JPG,1
383,IMG_5717.JPG,1
384,IMG_5727.JPG,1
385,IMG_5737.JPG,1
386,IMG_5747.JPG,1
387,IMG_5757.JPG,1
388,IMG_5767.JPG,1
389,IMG_5777.JPG,1
390,IMG_5787.JPG,1
391,IMG_5797.JPG,1
392,IMG_5807.JPG,1
393,IMG_5817.JPG,1
394,IMG_5827.JPG,1
395,IMG_5838.JPG,1
396,IMG_5848.JPG,1
397,IMG_5858.JPG,1
398,IMG_5868.JPG,1
399,IMG_5878.JPG,1
400,IMG_5888.JPG,1
401,IMG_5898.JPG,1
402,IMG_5908.JPG,1
403,IMG_5919.JPG,1
404,IMG_5929.JPG,1
405,IMG_5939.JPG,1
406,IMG_5951.JPG,1
407,IMG_5961.JPG,1
408,IMG_5972.JPG,1
409,IMG_5982.JPG,1
410,IMG_5992.JPG,1
411,IMG_1120.JPG,2
412,IMG_1130.JPG,2
413,IMG_1140.JPG,2
414,IMG_1150.JPG,2
415,IMG_1160.JPG,2
416,IMG_1171.JPG,2
417,IMG_1181.JPG,2
418,IMG_1191.JPG,2
419,IMG_1201.JPG,2
420,IMG_1211.JPG,2
421,IMG_1221.JPG,2
422,IMG_1231.JPG,2
423,IMG_1241.JPG,2
424,IMG_1251.JPG,2
425,IMG_1262.JPG,2
426,IMG_1272.JPG,2
427,IMG_1282.JPG,2
428,IMG_1292.JPG,2
429,IMG_1303.JPG,2
430,IMG_1314.JPG,2
431,IMG_1324.JPG,2
432,IMG_4042.JPG,2
433,IMG_4051.JPG,2
434,IMG_4061.JPG,2
435,IMG_4071.JPG,2
436,IMG_4081.JPG,2
437,IMG_4091.JPG,2
438,IMG_4101.JPG,2
439,IMG_4111.JPG,2
440,IMG_4121.JPG,2
441,IMG_4131.JPG,2
442,IMG_4141.JPG,2
443,IMG_4151.JPG,2
444,IMG_4161.JPG,2
445,IMG_4173.JPG,2
446,IMG_4183.JPG,2
447,IMG_4195.JPG,2
448,IMG_4205.JPG,2
449,IMG_4215.JPG,2
450,IMG_4225.JPG,2
451,IMG_4235.JPG,2
452,IMG_4245.JPG,2
453,IMG_4256.JPG,2
454,IMG_4268.JPG,2
455,IMG_4278.JPG,2
456,IMG_4288.JPG,2
457,IMG_4298.JPG,2
458,IMG_4308.JPG,2
459,IMG_4319.JPG,2
460,IMG_4330.JPG,2
461,IMG_4340.JPG,2
462,IMG_4350.JPG,2
463,IMG_4361.JPG,2
464,IMG_4372.JPG,2
465,IMG_4383.JPG,2
466,IMG_4393.JPG,2
467,IMG_4405.JPG,2
468,IMG_4415.JPG,2
469,IMG_4425.JPG,2
470,IMG_4438.JPG,2
471,IMG_4448.JPG,2
472,IMG_4458.JPG,2
473,IMG_4468.JPG,2
474,IMG_4478.JPG,2
475,IMG_4488.JPG,2
476,IMG_4498.JPG,2
477,IMG_4508.JPG,2
478,IMG_4535.JPG,2
479,IMG_4545.JPG,2
480,IMG_4556.JPG,2
481,IMG_4566.JPG,2
482,IMG_4576.JPG,2
483,IMG_4586.JPG,2
484,IMG_4596.JPG,2
485,IMG_4606.JPG,2
486,IMG_4616.JPG,2
487,IMG_4626.JPG,2
488,IMG_4636.JPG,2
489,IMG_4646.JPG,2
490,IMG_4676.JPG,2
491,IMG_4686.JPG,2
492,IMG_4695.JPG,2
493,IMG_4706.JPG,2
494,IMG_4717.JPG,2
495,IMG_4727.JPG,2
496,IMG_4737.JPG,2
497,IMG_4747.JPG,2
498,IMG_4757.JPG,2
499,IMG_4767.JPG,2
500,IMG_4778.JPG,2
501,IMG_4788.JPG,2
502,IMG_4798.JPG,2
503,IMG_4808.JPG,2
504,IMG_4828.JPG,2
505,IMG_4838.JPG,2
506,IMG_4848.JPG,2
507,IMG_4858.JPG,2
508,IMG_4868.JPG,2
509,IMG_4878.JPG,2
510,IMG_4888.JPG,2
511,IMG_4898.JPG,2
512,IMG_4908.JPG,2
513,IMG_4918.JPG,2
514,IMG_4928.JPG,2
515,IMG_4938.JPG,2
516,IMG_4948.JPG,2
517,IMG_4958.JPG,2
518,IMG_4968.JPG,2
519,IMG_4978.JPG,2
520,IMG_4988.JPG,2
521,IMG_4998.JPG,2
522,IMG_5009.JPG,2
523,IMG_5019.JPG,2
524,IMG_5033.JPG,2
525,IMG_5045.JPG,2
526,IMG_5055.JPG,2
527,IMG_5065.JPG,2
528,IMG_5076.JPG,2
529,IMG_5093.JPG,2
530,IMG_5103.JPG,2
531,IMG_5113.JPG,2
532,IMG_5124.JPG,2
533,IMG_5134.JPG,2
534,IMG_5144.JPG,2
535,IMG_5154.JPG,2
536,IMG_5165.JPG,2
537,IMG_5174.JPG,2
538,IMG_5176.JPG,2
539,IMG_5185.JPG,2
540,IMG_5195.JPG,2
541,IMG_5205.JPG,2
542,IMG_5215.JPG,2
543,IMG_5225.JPG,2
544,IMG_5236.JPG,2
545,IMG_5246.JPG,2
546,IMG_5257.JPG,2
547,IMG_5268.JPG,2
548,IMG_5278.JPG,2
549,IMG_5288.JPG,2
550,IMG_5299.JPG,2
551,IMG_5310.JPG,2
552,IMG_5320.JPG,2
553,IMG_5330.JPG,2
554,IMG_5342.JPG,2
555,IMG_5352.JPG,2
556,IMG_5362.JPG,2
557,IMG_5372.JPG,2
558,IMG_5382.JPG,2
559,IMG_5392.JPG,2
560,IMG_5402.JPG,2
561,IMG_5414.JPG,2
562,IMG_5424.JPG,2
563,IMG_5448.JPG,2
564,IMG_5458.JPG,2
565,IMG_5468.JPG,2
566,IMG_5478.JPG,2
567,IMG_5488.JPG,2
568,IMG_5499.JPG,2
569,IMG_5509.JPG,2
570,IMG_5519.JPG,2
571,IMG_5529.JPG,2
572,IMG_5539.JPG,2
573,IMG_5554.JPG,2
574,IMG_5564.JPG,2
575,IMG_5574.JPG,2
576,IMG_5584.JPG,2
577,IMG_5594.JPG,2
578,IMG_5605.JPG,2
579,IMG_5617.JPG,2
580,IMG_5627.JPG,2
581,IMG_5637.JPG,2
582,IMG_5647.JPG,2
583,IMG_5657.JPG,2
584,IMG_5667.JPG,2
585,IMG_5677.JPG,2
586,IMG_5687.JPG,2
587,IMG_5697.JPG,2
588,IMG_5707.JPG,2
589,IMG_5718.JPG,2
590,IMG_5728.JPG,2
591,IMG_5738.JPG,2
592,IMG_5748.JPG,2
593,IMG_5758.JPG,2
594,IMG_5768.JPG,2
595,IMG_5778.JPG,2
596,IMG_5788.JPG,2
597,IMG_5798.JPG,2
598,IMG_5808.JPG,2
599,IMG_5818.JPG,2
600,IMG_5828.JPG,2
601,IMG_5839.JPG,2
602,IMG_5849.JPG,2
603,IMG_5859.JPG,2
604,IMG_5869.JPG,2
605,IMG_5879.JPG,2
606,IMG_5889.JPG,2
607,IMG_5899.JPG,2
608,IMG_5909.JPG,2
609,IMG_5920.JPG,2
610,IMG_5930.JPG,2
611,IMG_5940.JPG,2
612,IMG_5952.JPG,2
613,IMG_5962.JPG,2
614,IMG_5973.JPG,2
615,IMG_5983.JPG,2
616,IMG_5993.JPG,2
617,IMG_1121.JPG,3
618,IMG_1131.JPG,3
619,IMG_1141.JPG,3
620,IMG_1151.JPG,3
621,IMG_1161.JPG,3
622,IMG_1172.JPG,3
623,IMG_1182.JPG,3
624,IMG_1192.JPG,3
625,IMG_1202.JPG,3
626,IMG_1212.JPG,3
627,IMG_1222.JPG,3
628,IMG_1232.JPG,3
629,IMG_1242.JPG,3
630,IMG_1253.JPG,3
631,IMG_1263.JPG,3
632,IMG_1273.JPG,3
633,IMG_1283.JPG,3
634,IMG_1294.JPG,3
635,IMG_1305.JPG,3
636,IMG_1315.JPG,3
637,IMG_1325.JPG,3
638,IMG_4043.JPG,3
639,IMG_4052.JPG,3
640,IMG_4062.JPG,3
641,IMG_4072.JPG,3
642,IMG_4082.JPG,3
643,IMG_4092.JPG,3
644,IMG_4102.JPG,3
645,IMG_4112.JPG,3
646,IMG_4122.JPG,3
647,IMG_4132.JPG,3
648,IMG_4142.JPG,3
649,IMG_4152.JPG,3
650,IMG_4162.JPG,3
651,IMG_4174.JPG,3
652,IMG_4184.JPG,3
653,IMG_4196.JPG,3
654,IMG_4206.JPG,3
655,IMG_4216.JPG,3
656,IMG_4226.JPG,3
657,IMG_4236.JPG,3
658,IMG_4246.JPG,3
659,IMG_4247.JPG,3
660,IMG_4258.JPG,3
661,IMG_4269.JPG,3
662,IMG_4279.JPG,3
663,IMG_4289.JPG,3
664,IMG_4299.JPG,3
665,IMG_4309.JPG,3
666,IMG_4320.JPG,3
667,IMG_4331.JPG,3
668,IMG_4341.JPG,3
669,IMG_4351.JPG,3
670,IMG_4362.JPG,3
671,IMG_4373.JPG,3
672,IMG_4384.JPG,3
673,IMG_4394.JPG,3
674,IMG_4406.JPG,3
675,IMG_4416.JPG,3
676,IMG_4427.JPG,3
677,IMG_4439.JPG,3
678,IMG_4449.JPG,3
679,IMG_4459.JPG,3
680,IMG_4469.JPG,3
681,IMG_4479.JPG,3
682,IMG_4489.JPG,3
683,IMG_4499.JPG,3
684,IMG_4509.JPG,3
685,IMG_4536.JPG,3
686,IMG_4547.JPG,3
687,IMG_4557.JPG,3
688,IMG_4567.JPG,3
689,IMG_4577.JPG,3
690,IMG_4587.JPG,3
691,IMG_4597.JPG,3
692,IMG_4607.JPG,3
693,IMG_4617.JPG,3
694,IMG_4627.JPG,3
695,IMG_4637.JPG,3
696,IMG_4647.JPG,3
697,IMG_4677.JPG,3
698,IMG_4687.JPG,3
699,IMG_4697.JPG,3
700,IMG_4708.JPG,3
701,IMG_4718.JPG,3
702,IMG_4728.JPG,3
703,IMG_4738.JPG,3
704,IMG_4748.JPG,3
705,IMG_4758.JPG,3
706,IMG_4768.JPG,3
707,IMG_4779.JPG,3
708,IMG_4789.JPG,3
709,IMG_4799.JPG,3
710,IMG_4809.JPG,3
711,IMG_4829.JPG,3
712,IMG_4839.JPG,3
713,IMG_4849.JPG,3
714,IMG_4859.JPG,3
715,IMG_4869.JPG,3
716,IMG_4879.JPG,3
717,IMG_4889.JPG,3
718,IMG_4899.JPG,3
719,IMG_4909.JPG,3
720,IMG_4919.JPG,3
721,IMG_4929.JPG,3
722,IMG_4939.JPG,3
723,IMG_4949.JPG,3
724,IMG_4959.JPG,3
725,IMG_4969.JPG,3
726,IMG_4979.JPG,3
727,IMG_4989.JPG,3
728,IMG_4999.JPG,3
729,IMG_5010.JPG,3
730,IMG_5020.JPG,3
731,IMG_5034.JPG,3
732,IMG_5046.JPG,3
733,IMG_5056.JPG,3
734,IMG_5066.JPG,3
735,IMG_5078.JPG,3
736,IMG_5094.JPG,3
737,IMG_5104.JPG,3
738,IMG_5108.JPG,3
739,IMG_5114.JPG,3
740,IMG_5125.JPG,3
741,IMG_5135.JPG,3
742,IMG_5145.JPG,3
743,IMG_5155.JPG,3
744,IMG_5166.JPG,3
745,IMG_5186.JPG,3
746,IMG_5196.JPG,3
747,IMG_5206.JPG,3
748,IMG_5216.JPG,3
749,IMG_5226.JPG,3
750,IMG_5237.JPG,3
751,IMG_5248.JPG,3
752,IMG_5258.JPG,3
753,IMG_5269.JPG,3
754,IMG_5279.JPG,3
755,IMG_5289.JPG,3
756,IMG_5300.JPG,3
757,IMG_5311.JPG,3
758,IMG_5321.JPG,3
759,IMG_5331.JPG,3
760,IMG_5343.JPG,3
761,IMG_5353.JPG,3
762,IMG_5363.JPG,3
763,IMG_5373.JPG,3
764,IMG_5383.JPG,3
765,IMG_5393.JPG,3
766,IMG_5403.JPG,3
767,IMG_5415.JPG,3
768,IMG_5425.JPG,3
769,IMG_5449.JPG,3
770,IMG_5459.JPG,3
771,IMG_5469.JPG,3
772,IMG_5479.JPG,3
773,IMG_5490.JPG,3
774,IMG_5500.JPG,3
775,IMG_5510.JPG,3
776,IMG_5520.JPG,3
777,IMG_5530.JPG,3
778,IMG_5540.JPG,3
779,IMG_5555.JPG,3
780,IMG_5565.JPG,3
781,IMG_5575.JPG,3
782,IMG_5585.JPG,3
783,IMG_5595.JPG,3
784,IMG_5607.JPG,3
785,IMG_5618.JPG,3
786,IMG_5628.JPG,3
787,IMG_5638.JPG,3
788,IMG_5648.JPG,3
789,IMG_5658.JPG,3
790,IMG_5668.JPG,3
791,IMG_5678.JPG,3
792,IMG_5688.JPG,3
793,IMG_5698.JPG,3
794,IMG_5708.JPG,3
795,IMG_5719.JPG,3
796,IMG_5729.JPG,3
797,IMG_5739.JPG,3
798,IMG_5749.JPG,3
799,IMG_5759.JPG,3
800,IMG_5769.JPG,3
801,IMG_5779.JPG,3
802,IMG_5789.JPG,3
803,IMG_5799.JPG,3
804,IMG_5809.JPG,3
805,IMG_5819.JPG,3
806,IMG_5829.JPG,3
807,IMG_5840.JPG,3
808,IMG_5850.JPG,3
809,IMG_5860.JPG,3
810,IMG_5870.JPG,3
811,IMG_5880.JPG,3
812,IMG_5890.JPG,3
813,IMG_5900.JPG,3
814,IMG_5910.JPG,3
815,IMG_5921.JPG,3
816,IMG_5931.JPG,3
817,IMG_5941.JPG,3
818,IMG_5953.JPG,3
819,IMG_5963.JPG,3
820,IMG_5974.JPG,3
821,IMG_5984.JPG,3
822,IMG_5994.JPG,3
823,IMG_1122.JPG,4
824,IMG_1132.JPG,4
825,IMG_1142.JPG,4
826,IMG_1152.JPG,4
827,IMG_1162.JPG,4
828,IMG_1173.JPG,4
829,IMG_1183.JPG,4
830,IMG_1193.JPG,4
831,IMG_1203.JPG,4
832,IMG_1213.JPG,4
833,IMG_1223.JPG,4
834,IMG_1233.JPG,4
835,IMG_1243.JPG,4
836,IMG_1254.JPG,4
837,IMG_1264.JPG,4
838,IMG_1274.JPG,4
839,IMG_1284.JPG,4
840,IMG_1295.JPG,4
841,IMG_1306.JPG,4
842,IMG_1316.JPG,4
843,IMG_1326.JPG,4
844,IMG_4044.JPG,4
845,IMG_4053.JPG,4
846,IMG_4063.JPG,4
847,IMG_4073.JPG,4
848,IMG_4083.JPG,4
849,IMG_4093.JPG,4
850,IMG_4103.JPG,4
851,IMG_4113.JPG,4
852,IMG_4123.JPG,4
853,IMG_4133.JPG,4
854,IMG_4143.JPG,4
855,IMG_4153.JPG,4
856,IMG_4163.JPG,4
857,IMG_4175.JPG,4
858,IMG_4185.JPG,4
859,IMG_4197.JPG,4
860,IMG_4207.JPG,4
861,IMG_4217.JPG,4
862,IMG_4227.JPG,4
863,IMG_4237.JPG,4
864,IMG_4248.JPG,4
865,IMG_4259.JPG,4
866,IMG_4270.JPG,4
867,IMG_4280.JPG,4
868,IMG_4290.JPG,4
869,IMG_4300.JPG,4
870,IMG_4310.JPG,4
871,IMG_4321.JPG,4
872,IMG_4332.JPG,4
873,IMG_4342.JPG,4
874,IMG_4352.JPG,4
875,IMG_4363.JPG,4
876,IMG_4374.JPG,4
877,IMG_4385.JPG,4
878,IMG_4395.JPG,4
879,IMG_4407.JPG,4
880,IMG_4417.JPG,4
881,IMG_4428.JPG,4
882,IMG_4440.JPG,4
883,IMG_4450.JPG,4
884,IMG_4460.JPG,4
885,IMG_4470.JPG,4
886,IMG_4480.JPG,4
887,IMG_4490.JPG,4
888,IMG_4500.JPG,4
889,IMG_4510.JPG,4
890,IMG_4537.JPG,4
891,IMG_4548.JPG,4
892,IMG_4558.JPG,4
893,IMG_4568.JPG,4
894,IMG_4578.JPG,4
895,IMG_4588.JPG,4
896,IMG_4598.JPG,4
897,IMG_4608.JPG,4
898,IMG_4618.JPG,4
899,IMG_4628.JPG,4
900,IMG_4638.JPG,4
901,IMG_4648.JPG,4
902,IMG_4668.JPG,4
903,IMG_4678.JPG,4
904,IMG_4688.JPG,4
905,IMG_4698.JPG,4
906,IMG_4709.JPG,4
907,IMG_4719.JPG,4
908,IMG_4729.JPG,4
909,IMG_4739.JPG,4
910,IMG_4749.JPG,4
911,IMG_4759.JPG,4
912,IMG_4769.JPG,4
913,IMG_4780.JPG,4
914,IMG_4790.JPG,4
915,IMG_4800.JPG,4
916,IMG_4810.JPG,4
917,IMG_4820.JPG,4
918,IMG_4830.JPG,4
919,IMG_4840.JPG,4
920,IMG_4850.JPG,4
921,IMG_4860.JPG,4
922,IMG_4870.JPG,4
923,IMG_4880.JPG,4
924,IMG_4890.JPG,4
925,IMG_4900.JPG,4
926,IMG_4910.JPG,4
927,IMG_4920.JPG,4
928,IMG_4930.JPG,4
929,IMG_4940.JPG,4
930,IMG_4950.JPG,4
931,IMG_4960.JPG,4
932,IMG_4970.JPG,4
933,IMG_4980.JPG,4
934,IMG_4990.JPG,4
935,IMG_5001.JPG,4
936,IMG_5011.JPG,4
937,IMG_5021.JPG,4
938,IMG_5035.JPG,4
939,IMG_5047.JPG,4
940,IMG_5057.JPG,4
941,IMG_5067.JPG,4
942,IMG_5079.JPG,4
943,IMG_5095.JPG,4
944,IMG_5105.JPG,4
945,IMG_5115.JPG,4
946,IMG_5126.JPG,4
947,IMG_5136.JPG,4
948,IMG_5146.JPG,4
949,IMG_5156.JPG,4
950,IMG_5167.JPG,4
951,IMG_5177.JPG,4
952,IMG_5187.JPG,4
953,IMG_5197.JPG,4
954,IMG_5207.JPG,4
955,IMG_5217.JPG,4
956,IMG_5227.JPG,4
957,IMG_5238.JPG,4
958,IMG_5249.JPG,4
959,IMG_5260.JPG,4
960,IMG_5270.JPG,4
961,IMG_5280.JPG,4
962,IMG_5292.JPG,4
963,IMG_5301.JPG,4
964,IMG_5312.JPG,4
965,IMG_5322.JPG,4
966,IMG_5332.JPG,4
967,IMG_5344.JPG,4
968,IMG_5354.JPG,4
969,IMG_5364.JPG,4
970,IMG_5374.JPG,4
971,IMG_5384.JPG,4
972,IMG_5394.JPG,4
973,IMG_5404.JPG,4
974,IMG_5416.JPG,4
975,IMG_5426.JPG,4
976,IMG_5450.JPG,4
977,IMG_5460.JPG,4
978,IMG_5470.JPG,4
979,IMG_5480.JPG,4
980,IMG_5491.JPG,4
981,IMG_5501.JPG,4
982,IMG_5511.JPG,4
983,IMG_5521.JPG,4
984,IMG_5531.JPG,4
985,IMG_5541.JPG,4
986,IMG_5556.JPG,4
987,IMG_5566.JPG,4
988,IMG_5576.JPG,4
989,IMG_5586.JPG,4
990,IMG_5596.JPG,4
991,IMG_5608.JPG,4
992,IMG_5619.JPG,4
993,IMG_5629.JPG,4
994,IMG_5639.JPG,4
995,IMG_5649.JPG,4
996,IMG_5659.JPG,4
997,IMG_5669.JPG,4
998,IMG_5679.JPG,4
999,IMG_5689.JPG,4
1000,IMG_5699.JPG,4
1001,IMG_5709.JPG,4
1002,IMG_5720.JPG,4
1003,IMG_5730.JPG,4
1004,IMG_5740.JPG,4
1005,IMG_5750.JPG,4
1006,IMG_5760.JPG,4
1007,IMG_5770.JPG,4
1008,IMG_5780.JPG,4
1009,IMG_5790.JPG,4
1010,IMG_5800.JPG,4
1011,IMG_5810.JPG,4
1012,IMG_5820.JPG,4
1013,IMG_5830.JPG,4
1014,IMG_5841.JPG,4
1015,IMG_5851.JPG,4
1016,IMG_5861.JPG,4
1017,IMG_5871.JPG,4
1018,IMG_5881.JPG,4
1019,IMG_5891.JPG,4
1020,IMG_5901.JPG,4
1021,IMG_5911.JPG,4
1022,IMG_5922.JPG,4
1023,IMG_5932.JPG,4
1024,IMG_5944.JPG,4
1025,IMG_5954.JPG,4
1026,IMG_5964.JPG,4
1027,IMG_5975.JPG,4
1028,IMG_5985.JPG,4
1029,IMG_5995.JPG,4
1030,IMG_1123.JPG,5
1031,IMG_1133.JPG,5
1032,IMG_1143.JPG,5
1033,IMG_1153.JPG,5
1034,IMG_1163.JPG,5
1035,IMG_1174.JPG,5
1036,IMG_1184.JPG,5
1037,IMG_1194.JPG,5
1038,IMG_1204.JPG,5
1039,IMG_1214.JPG,5
1040,IMG_1224.JPG,5
1041,IMG_1234.JPG,5
1042,IMG_1244.JPG,5
1043,IMG_1255.JPG,5
1044,IMG_1265.JPG,5
1045,IMG_1275.JPG,5
1046,IMG_1285.JPG,5
1047,IMG_1296.JPG,5
1048,IMG_1307.JPG,5
1049,IMG_1317.JPG,5
1050,IMG_1327.JPG,5
1051,IMG_4039.JPG,5
1052,IMG_4054.JPG,5
1053,IMG_4064.JPG,5
1054,IMG_4074.JPG,5
1055,IMG_4084.JPG,5
1056,IMG_4094.JPG,5
1057,IMG_4104.JPG,5
1058,IMG_4114.JPG,5
1059,IMG_4124.JPG,5
1060,IMG_4134.JPG,5
1061,IMG_4144.JPG,5
1062,IMG_4154.JPG,5
1063,IMG_4164.JPG,5
1064,IMG_4176.JPG,5
1065,IMG_4186.JPG,5
1066,IMG_4198.JPG,5
1067,IMG_4208.JPG,5
1068,IMG_4218.JPG,5
1069,IMG_4228.JPG,5
1070,IMG_4238.JPG,5
1071,IMG_4249.JPG,5
1072,IMG_4260.JPG,5
1073,IMG_4271.JPG,5
1074,IMG_4281.JPG,5
1075,IMG_4291.JPG,5
1076,IMG_4301.JPG,5
1077,IMG_4311.JPG,5
1078,IMG_4322.JPG,5
1079,IMG_4333.JPG,5
1080,IMG_4343.JPG,5
1081,IMG_4353.JPG,5
1082,IMG_4364.JPG,5
1083,IMG_4375.JPG,5
1084,IMG_4386.JPG,5
1085,IMG_4396.JPG,5
1086,IMG_4408.JPG,5
1087,IMG_4418.JPG,5
1088,IMG_4429.JPG,5
1089,IMG_4441.JPG,5
1090,IMG_4451.JPG,5
1091,IMG_4461.JPG,5
1092,IMG_4471.JPG,5
1093,IMG_4481.JPG,5
1094,IMG_4491.JPG,5
1095,IMG_4501.JPG,5
1096,IMG_4511.JPG,5
1097,IMG_4538.JPG,5
1098,IMG_4549.JPG,5
1099,IMG_4559.JPG,5
1100,IMG_4569.JPG,5
1101,IMG_4579.JPG,5
1102,IMG_4589.JPG,5
1103,IMG_4599.JPG,5
1104,IMG_4609.JPG,5
1105,IMG_4619.JPG,5
1106,IMG_4629.JPG,5
1107,IMG_4639.JPG,5
1108,IMG_4649.JPG,5
1109,IMG_4669.JPG,5
1110,IMG_4679.JPG,5
1111,IMG_4689.JPG,5
1112,IMG_4699.JPG,5
1113,IMG_4710.JPG,5
1114,IMG_4720.JPG,5
1115,IMG_4730.JPG,5
1116,IMG_4740.JPG,5
1117,IMG_4750.JPG,5
1118,IMG_4760.JPG,5
1119,IMG_4770.JPG,5
1120,IMG_4781.JPG,5
1121,IMG_4791.JPG,5
1122,IMG_4801.JPG,5
1123,IMG_4811.JPG,5
1124,IMG_4821.JPG,5
1125,IMG_4831.JPG,5
1126,IMG_4841.JPG,5
1127,IMG_4851.JPG,5
1128,IMG_4861.JPG,5
1129,IMG_4871.JPG,5
1130,IMG_4881.JPG,5
1131,IMG_4891.JPG,5
1132,IMG_4901.JPG,5
1133,IMG_4911.JPG,5
1134,IMG_4921.JPG,5
1135,IMG_4931.JPG,5
1136,IMG_4941.JPG,5
1137,IMG_4951.JPG,5
1138,IMG_4961.JPG,5
1139,IMG_4971.JPG,5
1140,IMG_4981.JPG,5
1141,IMG_4991.JPG,5
1142,IMG_5002.JPG,5
1143,IMG_5012.JPG,5
1144,IMG_5022.JPG,5
1145,IMG_5036.JPG,5
1146,IMG_5048.JPG,5
1147,IMG_5058.JPG,5
1148,IMG_5068.JPG,5
1149,IMG_5080.JPG,5
1150,IMG_5096.JPG,5
1151,IMG_5106.JPG,5
1152,IMG_5116.JPG,5
1153,IMG_5127.JPG,5
1154,IMG_5137.JPG,5
1155,IMG_5147.JPG,5
1156,IMG_5157.JPG,5
1157,IMG_5168.JPG,5
1158,IMG_5178.JPG,5
1159,IMG_5188.JPG,5
1160,IMG_5198.JPG,5
1161,IMG_5208.JPG,5
1162,IMG_5218.JPG,5
1163,IMG_5228.JPG,5
1164,IMG_5239.JPG,5
1165,IMG_5250.JPG,5
1166,IMG_5261.JPG,5
1167,IMG_5271.JPG,5
1168,IMG_5281.JPG,5
1169,IMG_5290.JPG,5
1170,IMG_5302.JPG,5
1171,IMG_5313.JPG,5
1172,IMG_5323.JPG,5
1173,IMG_5334.JPG,5
1174,IMG_5345.JPG,5
1175,IMG_5355.JPG,5
1176,IMG_5365.JPG,5
1177,IMG_5375.JPG,5
1178,IMG_5385.JPG,5
1179,IMG_5395.JPG,5
1180,IMG_5405.JPG,5
1181,IMG_5417.JPG,5
1182,IMG_5427.JPG,5
1183,IMG_5451.JPG,5
1184,IMG_5461.JPG,5
1185,IMG_5471.JPG,5
1186,IMG_5481.JPG,5
1187,IMG_5492.JPG,5
1188,IMG_5502.JPG,5
1189,IMG_5512.JPG,5
1190,IMG_5522.JPG,5
1191,IMG_5532.JPG,5
1192,IMG_5542.JPG,5
1193,IMG_5557.JPG,5
1194,IMG_5567.JPG,5
1195,IMG_5577.JPG,5
1196,IMG_5587.JPG,5
1197,IMG_5597.JPG,5
1198,IMG_5609.JPG,5
1199,IMG_5620.JPG,5
1200,IMG_5630.JPG,5
1201,IMG_5640.JPG,5
1202,IMG_5650.JPG,5
1203,IMG_5660.JPG,5
1204,IMG_5670.JPG,5
1205,IMG_5680.JPG,5
1206,IMG_5690.JPG,5
1207,IMG_5700.JPG,5
1208,IMG_5710.JPG,5
1209,IMG_5721.JPG,5
1210,IMG_5731.JPG,5
1211,IMG_5741.JPG,5
1212,IMG_5751.JPG,5
1213,IMG_5761.JPG,5
1214,IMG_5771.JPG,5
1215,IMG_5781.JPG,5
1216,IMG_5791.JPG,5
1217,IMG_5801.JPG,5
1218,IMG_5811.JPG,5
1219,IMG_5821.JPG,5
1220,IMG_5831.JPG,5
1221,IMG_5842.JPG,5
1222,IMG_5852.JPG,5
1223,IMG_5862.JPG,5
1224,IMG_5872.JPG,5
1225,IMG_5882.JPG,5
1226,IMG_5892.JPG,5
1227,IMG_5902.JPG,5
1228,IMG_5913.JPG,5
1229,IMG_5923.JPG,5
1230,IMG_5933.JPG,5
1231,IMG_5945.JPG,5
1232,IMG_5955.JPG,5
1233,IMG_5965.JPG,5
1234,IMG_5976.JPG,5
1235,IMG_5986.JPG,5
1236,IMG_5996.JPG,5
1237,IMG_1124.JPG,6
1238,IMG_1134.JPG,6
1239,IMG_1144.JPG,6
1240,IMG_1154.JPG,6
1241,IMG_1164.JPG,6
1242,IMG_1175.JPG,6
1243,IMG_1185.JPG,6
1244,IMG_1195.JPG,6
1245,IMG_1205.JPG,6
1246,IMG_1215.JPG,6
1247,IMG_1225.JPG,6
1248,IMG_1235.JPG,6
1249,IMG_1245.JPG,6
1250,IMG_1256.JPG,6
1251,IMG_1266.JPG,6
1252,IMG_1276.JPG,6
1253,IMG_1286.JPG,6
1254,IMG_1297.JPG,6
1255,IMG_1308.JPG,6
1256,IMG_1318.JPG,6
1257,IMG_1328.JPG,6
1258,IMG_4045.JPG,6
1259,IMG_4055.JPG,6
1260,IMG_4065.JPG,6
1261,IMG_4075.JPG,6
1262,IMG_4085.JPG,6
1263,IMG_4095.JPG,6
1264,IMG_4105.JPG,6
1265,IMG_4115.JPG,6
1266,IMG_4125.JPG,6
1267,IMG_4135.JPG,6
1268,IMG_4145.JPG,6
1269,IMG_4155.JPG,6
1270,IMG_4165.JPG,6
1271,IMG_4177.JPG,6
1272,IMG_4187.JPG,6
1273,IMG_4199.JPG,6
1274,IMG_4209.JPG,6
1275,IMG_4219.JPG,6
1276,IMG_4229.JPG,6
1277,IMG_4239.JPG,6
1278,IMG_4250.JPG,6
1279,IMG_4261.JPG,6
1280,IMG_4272.JPG,6
1281,IMG_4282.JPG,6
1282,IMG_4292.JPG,6
1283,IMG_4302.JPG,6
1284,IMG_4312.JPG,6
1285,IMG_4323.JPG,6
1286,IMG_4334.JPG,6
1287,IMG_4344.JPG,6
1288,IMG_4354.JPG,6
1289,IMG_4365.JPG,6
1290,IMG_4376.JPG,6
1291,IMG_4387.JPG,6
1292,IMG_4397.JPG,6
1293,IMG_4409.JPG,6
1294,IMG_4419.JPG,6
1295,IMG_4430.JPG,6
1296,IMG_4442.JPG,6
1297,IMG_4452.JPG,6
1298,IMG_4462.JPG,6
1299,IMG_4472.JPG,6
1300,IMG_4482.JPG,6
1301,IMG_4492.JPG,6
1302,IMG_4502.JPG,6
1303,IMG_4512.JPG,6
1304,IMG_4539.JPG,6
1305,IMG_4550.JPG,6
1306,IMG_4560.JPG,6
1307,IMG_4570.JPG,6
1308,IMG_4580.JPG,6
1309,IMG_4590.JPG,6
1310,IMG_4600.JPG,6
1311,IMG_4610.JPG,6
1312,IMG_4620.JPG,6
1313,IMG_4630.JPG,6
1314,IMG_4640.JPG,6
1315,IMG_4650.JPG,6
1316,IMG_4670.JPG,6
1317,IMG_4680.JPG,6
1318,IMG_4690.JPG,6
1319,IMG_4700.JPG,6
1320,IMG_4711.JPG,6
1321,IMG_4721.JPG,6
1322,IMG_4731.JPG,6
1323,IMG_4741.JPG,6
1324,IMG_4751.JPG,6
1325,IMG_4761.JPG,6
1326,IMG_4771.JPG,6
1327,IMG_4782.JPG,6
1328,IMG_4792.JPG,6
1329,IMG_4802.JPG,6
1330,IMG_4812.JPG,6
1331,IMG_4822.JPG,6
1332,IMG_4832.JPG,6
1333,IMG_4842.JPG,6
1334,IMG_4852.JPG,6
1335,IMG_4862.JPG,6
1336,IMG_4872.JPG,6
1337,IMG_4882.JPG,6
1338,IMG_4892.JPG,6
1339,IMG_4902.JPG,6
1340,IMG_4912.JPG,6
1341,IMG_4922.JPG,6
1342,IMG_4932.JPG,6
1343,IMG_4942.JPG,6
1344,IMG_4953.JPG,6
1345,IMG_4962.JPG,6
1346,IMG_4972.JPG,6
1347,IMG_4982.JPG,6
1348,IMG_4992.JPG,6
1349,IMG_5003.JPG,6
1350,IMG_5013.JPG,6
1351,IMG_5023.JPG,6
1352,IMG_5037.JPG,6
1353,IMG_5049.JPG,6
1354,IMG_5059.JPG,6
1355,IMG_5069.JPG,6
1356,IMG_5081.JPG,6
1357,IMG_5097.JPG,6
1358,IMG_5107.JPG,6
1359,IMG_5117.JPG,6
1360,IMG_5128.JPG,6
1361,IMG_5138.JPG,6
1362,IMG_5148.JPG,6
1363,IMG_5158.JPG,6
1364,IMG_5169.JPG,6
1365,IMG_5179.JPG,6
1366,IMG_5189.JPG,6
1367,IMG_5199.JPG,6
1368,IMG_5209.JPG,6
1369,IMG_5219.JPG,6
1370,IMG_5229.JPG,6
1371,IMG_5240.JPG,6
1372,IMG_5251.JPG,6
1373,IMG_5262.JPG,6
1374,IMG_5272.JPG,6
1375,IMG_5282.JPG,6
1376,IMG_5293.JPG,6
1377,IMG_5303.JPG,6
1378,IMG_5314.JPG,6
1379,IMG_5324.JPG,6
1380,IMG_5335.JPG,6
1381,IMG_5346.JPG,6
1382,IMG_5356.JPG,6
1383,IMG_5366.JPG,6
1384,IMG_5376.JPG,6
1385,IMG_5386.JPG,6
1386,IMG_5396.JPG,6
1387,IMG_5406.JPG,6
1388,IMG_5418.JPG,6
1389,IMG_5428.JPG,6
1390,IMG_5452.JPG,6
1391,IMG_5462.JPG,6
1392,IMG_5472.JPG,6
1393,IMG_5482.JPG,6
1394,IMG_5493.JPG,6
1395,IMG_5503.JPG,6
1396,IMG_5513.JPG,6
1397,IMG_5523.JPG,6
1398,IMG_5533.JPG,6
1399,IMG_5543.JPG,6
1400,IMG_5558.JPG,6
1401,IMG_5568.JPG,6
1402,IMG_5578.JPG,6
1403,IMG_5588.JPG,6
1404,IMG_5598.JPG,6
1405,IMG_5611.JPG,6
1406,IMG_5621.JPG,6
1407,IMG_5631.JPG,6
1408,IMG_5641.JPG,6
1409,IMG_5651.JPG,6
1410,IMG_5661.JPG,6
1411,IMG_5671.JPG,6
1412,IMG_5681.JPG,6
1413,IMG_5691.JPG,6
1414,IMG_5701.JPG,6
1415,IMG_5711.JPG,6
1416,IMG_5722.JPG,6
1417,IMG_5732.JPG,6
1418,IMG_5742.JPG,6
1419,IMG_5752.JPG,6
1420,IMG_5762.JPG,6
1421,IMG_5772.JPG,6
1422,IMG_5782.JPG,6
1423,IMG_5792.JPG,6
1424,IMG_5802.JPG,6
1425,IMG_5812.JPG,6
1426,IMG_5822.JPG,6
1427,IMG_5832.JPG,6
1428,IMG_5843.JPG,6
1429,IMG_5853.JPG,6
1430,IMG_5863.JPG,6
1431,IMG_5873.JPG,6
1432,IMG_5883.JPG,6
1433,IMG_5893.JPG,6
1434,IMG_5903.JPG,6
1435,IMG_5914.JPG,6
1436,IMG_5924.JPG,6
1437,IMG_5934.JPG,6
1438,IMG_5946.JPG,6
1439,IMG_5956.JPG,6
1440,IMG_5966.JPG,6
1441,IMG_5977.JPG,6
1442,IMG_5987.JPG,6
1443,IMG_5997.JPG,6
1444,IMG_1125.JPG,7
1445,IMG_1135.JPG,7
1446,IMG_1145.JPG,7
1447,IMG_1155.JPG,7
1448,IMG_1165.JPG,7
1449,IMG_1176.JPG,7
1450,IMG_1186.JPG,7
1451,IMG_1196.JPG,7
1452,IMG_1206.JPG,7
1453,IMG_1216.JPG,7
1454,IMG_1226.JPG,7
1455,IMG_1236.JPG,7
1456,IMG_1246.JPG,7
1457,IMG_1257.JPG,7
1458,IMG_1267.JPG,7
1459,IMG_1277.JPG,7
1460,IMG_1287.JPG,7
1461,IMG_1298.JPG,7
1462,IMG_1309.JPG,7
1463,IMG_1319.JPG,7
1464,IMG_1329.JPG,7
1465,IMG_4046.JPG,7
1466,IMG_4056.JPG,7
1467,IMG_4066.JPG,7
1468,IMG_4076.JPG,7
1469,IMG_4086.JPG,7
1470,IMG_4096.JPG,7
1471,IMG_4106.JPG,7
1472,IMG_4116.JPG,7
1473,IMG_4126.JPG,7
1474,IMG_4136.JPG,7
1475,IMG_4146.JPG,7
1476,IMG_4156.JPG,7
1477,IMG_4166.JPG,7
1478,IMG_4178.JPG,7
1479,IMG_4188.JPG,7
1480,IMG_4200.JPG,7
1481,IMG_4210.JPG,7
1482,IMG_4220.JPG,7
1483,IMG_4230.JPG,7
1484,IMG_4240.JPG,7
1485,IMG_4251.JPG,7
1486,IMG_4262.JPG,7
1487,IMG_4273.JPG,7
1488,IMG_4283.JPG,7
1489,IMG_4293.JPG,7
1490,IMG_4303.JPG,7
1491,IMG_4313.JPG,7
1492,IMG_4324.JPG,7
1493,IMG_4335.JPG,7
1494,IMG_4345.JPG,7
1495,IMG_4355.JPG,7
1496,IMG_4366.JPG,7
1497,IMG_4377.JPG,7
1498,IMG_4388.JPG,7
1499,IMG_4398.JPG,7
1500,IMG_4410.JPG,7
1501,IMG_4420.JPG,7
1502,IMG_4431.JPG,7
1503,IMG_4443.JPG,7
1504,IMG_4453.JPG,7
1505,IMG_4463.JPG,7
1506,IMG_4473.JPG,7
1507,IMG_4483.JPG,7
1508,IMG_4493.JPG,7
1509,IMG_4503.JPG,7
1510,IMG_4513.JPG,7
1511,IMG_4540.JPG,7
1512,IMG_4551.JPG,7
1513,IMG_4561.JPG,7
1514,IMG_4571.JPG,7
1515,IMG_4581.JPG,7
1516,IMG_4591.JPG,7
1517,IMG_4601.JPG,7
1518,IMG_4611.JPG,7
1519,IMG_4621.JPG,7
1520,IMG_4631.JPG,7
1521,IMG_4641.JPG,7
1522,IMG_4651.JPG,7
1523,IMG_4671.JPG,7
1524,IMG_4681.JPG,7
1525,IMG_4691.JPG,7
1526,IMG_4701.JPG,7
1527,IMG_4712.JPG,7
1528,IMG_4722.JPG,7
1529,IMG_4732.JPG,7
1530,IMG_4742.JPG,7
1531,IMG_4752.JPG,7
1532,IMG_4762.JPG,7
1533,IMG_4772.JPG,7
1534,IMG_4783.JPG,7
1535,IMG_4793.JPG,7
1536,IMG_4803.JPG,7
1537,IMG_4813.JPG,7
1538,IMG_4823.JPG,7
1539,IMG_4833.JPG,7
1540,IMG_4843.JPG,7
1541,IMG_4853.JPG,7
1542,IMG_4863.JPG,7
1543,IMG_4873.JPG,7
1544,IMG_4883.JPG,7
1545,IMG_4893.JPG,7
1546,IMG_4903.JPG,7
1547,IMG_4913.JPG,7
1548,IMG_4923.JPG,7
1549,IMG_4933.JPG,7
1550,IMG_4943.JPG,7
1551,IMG_4952.JPG,7
1552,IMG_4963.JPG,7
1553,IMG_4973.JPG,7
1554,IMG_4983.JPG,7
1555,IMG_4993.JPG,7
1556,IMG_5004.JPG,7
1557,IMG_5014.JPG,7
1558,IMG_5024.JPG,7
1559,IMG_5038.JPG,7
1560,IMG_5050.JPG,7
1561,IMG_5060.JPG,7
1562,IMG_5070.JPG,7
1563,IMG_5082.JPG,7
1564,IMG_5098.JPG,7
1565,IMG_5118.JPG,7
1566,IMG_5129.JPG,7
1567,IMG_5139.JPG,7
1568,IMG_5149.JPG,7
1569,IMG_5160.JPG,7
1570,IMG_5170.JPG,7
1571,IMG_5180.JPG,7
1572,IMG_5190.JPG,7
1573,IMG_5200.JPG,7
1574,IMG_5210.JPG,7
1575,IMG_5220.JPG,7
1576,IMG_5230.JPG,7
1577,IMG_5241.JPG,7
1578,IMG_5252.JPG,7
1579,IMG_5263.JPG,7
1580,IMG_5273.JPG,7
1581,IMG_5283.JPG,7
1582,IMG_5294.JPG,7
1583,IMG_5305.JPG,7
1584,IMG_5315.JPG,7
1585,IMG_5325.JPG,7
1586,IMG_5336.JPG,7
1587,IMG_5347.JPG,7
1588,IMG_5357.JPG,7
1589,IMG_5367.JPG,7
1590,IMG_5377.JPG,7
1591,IMG_5387.JPG,7
1592,IMG_5397.JPG,7
1593,IMG_5409.JPG,7
1594,IMG_5419.JPG,7
1595,IMG_5429.JPG,7
1596,IMG_5453.JPG,7
1597,IMG_5463.JPG,7
1598,IMG_5473.JPG,7
1599,IMG_5483.JPG,7
1600,IMG_5494.JPG,7
1601,IMG_5504.JPG,7
1602,IMG_5514.JPG,7
1603,IMG_5524.JPG,7
1604,IMG_5534.JPG,7
1605,IMG_5544.JPG,7
1606,IMG_5559.JPG,7
1607,IMG_5569.JPG,7
1608,IMG_5579.JPG,7
1609,IMG_5589.JPG,7
1610,IMG_5599.JPG,7
1611,IMG_5612.JPG,7
1612,IMG_5622.JPG,7
1613,IMG_5632.JPG,7
1614,IMG_5642.JPG,7
1615,IMG_5652.JPG,7
1616,IMG_5662.JPG,7
1617,IMG_5672.JPG,7
1618,IMG_5682.JPG,7
1619,IMG_5692.JPG,7
1620,IMG_5702.JPG,7
1621,IMG_5712.JPG,7
1622,IMG_5723.JPG,7
1623,IMG_5733.JPG,7
1624,IMG_5743.JPG,7
1625,IMG_5753.JPG,7
1626,IMG_5763.JPG,7
1627,IMG_5773.JPG,7
1628,IMG_5783.JPG,7
1629,IMG_5793.JPG,7
1630,IMG_5803.JPG,7
1631,IMG_5813.JPG,7
1632,IMG_5823.JPG,7
1633,IMG_5833.JPG,7
1634,IMG_5844.JPG,7
1635,IMG_5854.JPG,7
1636,IMG_5864.JPG,7
1637,IMG_5874.JPG,7
1638,IMG_5884.JPG,7
1639,IMG_5894.JPG,7
1640,IMG_5904.JPG,7
1641,IMG_5915.JPG,7
1642,IMG_5925.JPG,7
1643,IMG_5935.JPG,7
1644,IMG_5947.JPG,7
1645,IMG_5957.JPG,7
1646,IMG_5967.JPG,7
1647,IMG_5978.JPG,7
1648,IMG_5988.JPG,7
1649,IMG_5998.JPG,7
1650,IMG_1126.JPG,8
1651,IMG_1136.JPG,8
1652,IMG_1146.JPG,8
1653,IMG_1156.JPG,8
1654,IMG_1166.JPG,8
1655,IMG_1167.JPG,8
1656,IMG_1177.JPG,8
1657,IMG_1187.JPG,8
1658,IMG_1197.JPG,8
1659,IMG_1207.JPG,8
1660,IMG_1217.JPG,8
1661,IMG_1227.JPG,8
1662,IMG_1237.JPG,8
1663,IMG_1247.JPG,8
1664,IMG_1258.JPG,8
1665,IMG_1268.JPG,8
1666,IMG_1278.JPG,8
1667,IMG_1288.JPG,8
1668,IMG_1299.JPG,8
1669,IMG_1310.JPG,8
1670,IMG_1320.JPG,8
1671,IMG_1330.JPG,8
1672,IMG_4047.JPG,8
1673,IMG_4057.JPG,8
1674,IMG_4067.JPG,8
1675,IMG_4077.JPG,8
1676,IMG_4087.JPG,8
1677,IMG_4097.JPG,8
1678,IMG_4107.JPG,8
1679,IMG_4117.JPG,8
1680,IMG_4127.JPG,8
1681,IMG_4137.JPG,8
1682,IMG_4147.JPG,8
1683,IMG_4157.JPG,8
1684,IMG_4167.JPG,8
1685,IMG_4179.JPG,8
1686,IMG_4189.JPG,8
1687,IMG_4201.JPG,8
1688,IMG_4211.JPG,8
1689,IMG_4221.JPG,8
1690,IMG_4231.JPG,8
1691,IMG_4241.JPG,8
1692,IMG_4252.JPG,8
1693,IMG_4264.JPG,8
1694,IMG_4274.JPG,8
1695,IMG_4284.JPG,8
1696,IMG_4294.JPG,8
1697,IMG_4304.JPG,8
1698,IMG_4314.JPG,8
1699,IMG_4325.JPG,8
1700,IMG_4336.JPG,8
1701,IMG_4346.JPG,8
1702,IMG_4356.JPG,8
1703,IMG_4367.JPG,8
1704,IMG_4378.JPG,8
1705,IMG_4389.JPG,8
1706,IMG_4399.JPG,8
1707,IMG_4411.JPG,8
1708,IMG_4421.JPG,8
1709,IMG_4432.JPG,8
1710,IMG_4444.JPG,8
1711,IMG_4454.JPG,8
1712,IMG_4464.JPG,8
1713,IMG_4474.JPG,8
1714,IMG_4484.JPG,8
1715,IMG_4494.JPG,8
1716,IMG_4504.JPG,8
1717,IMG_4514.JPG,8
1718,IMG_4541.JPG,8
1719,IMG_4552.JPG,8
1720,IMG_4562.JPG,8
1721,IMG_4572.JPG,8
1722,IMG_4583.JPG,8
1723,IMG_4592.JPG,8
1724,IMG_4602.JPG,8
1725,IMG_4612.JPG,8
1726,IMG_4622.JPG,8
1727,IMG_4632.JPG,8
1728,IMG_4642.JPG,8
1729,IMG_4652.JPG,8
1730,IMG_4672.JPG,8
1731,IMG_4682.JPG,8
1732,IMG_4692.JPG,8
1733,IMG_4702.JPG,8
1734,IMG_4713.JPG,8
1735,IMG_4723.JPG,8
1736,IMG_4733.JPG,8
1737,IMG_4743.JPG,8
1738,IMG_4753.JPG,8
1739,IMG_4763.JPG,8
1740,IMG_4774.JPG,8
1741,IMG_4784.JPG,8
1742,IMG_4794.JPG,8
1743,IMG_4804.JPG,8
1744,IMG_4814.JPG,8
1745,IMG_4824.JPG,8
1746,IMG_4834.JPG,8
1747,IMG_4844.JPG,8
1748,IMG_4854.JPG,8
1749,IMG_4864.JPG,8
1750,IMG_4874.JPG,8
1751,IMG_4884.JPG,8
1752,IMG_4894.JPG,8
1753,IMG_4904.JPG,8
1754,IMG_4914.JPG,8
1755,IMG_4924.JPG,8
1756,IMG_4934.JPG,8
1757,IMG_4944.JPG,8
1758,IMG_4954.JPG,8
1759,IMG_4964.JPG,8
1760,IMG_4974.JPG,8
1761,IMG_4984.JPG,8
1762,IMG_4994.JPG,8
1763,IMG_5005.JPG,8
1764,IMG_5015.JPG,8
1765,IMG_5025.JPG,8
1766,IMG_5039.JPG,8
1767,IMG_5051.JPG,8
1768,IMG_5061.JPG,8
1769,IMG_5072.JPG,8
1770,IMG_5083.JPG,8
1771,IMG_5099.JPG,8
1772,IMG_5109.JPG,8
1773,IMG_5119.JPG,8
1774,IMG_5130.JPG,8
1775,IMG_5140.JPG,8
1776,IMG_5150.JPG,8
1777,IMG_5161.JPG,8
1778,IMG_5171.JPG,8
1779,IMG_5181.JPG,8
1780,IMG_5191.JPG,8
1781,IMG_5201.JPG,8
1782,IMG_5211.JPG,8
1783,IMG_5221.JPG,8
1784,IMG_5231.JPG,8
1785,IMG_5242.JPG,8
1786,IMG_5253.JPG,8
1787,IMG_5264.JPG,8
1788,IMG_5274.JPG,8
1789,IMG_5284.JPG,8
1790,IMG_5295.JPG,8
1791,IMG_5306.JPG,8
1792,IMG_5316.JPG,8
1793,IMG_5326.JPG,8
1794,IMG_5337.JPG,8
1795,IMG_5348.JPG,8
1796,IMG_5358.JPG,8
1797,IMG_5368.JPG,8
1798,IMG_5378.JPG,8
1799,IMG_5388.JPG,8
1800,IMG_5398.JPG,8
1801,IMG_5410.JPG,8
1802,IMG_5420.JPG,8
1803,IMG_5430.JPG,8
1804,IMG_5454.JPG,8
1805,IMG_5464.JPG,8
1806,IMG_5474.JPG,8
1807,IMG_5484.JPG,8
1808,IMG_5495.JPG,8
1809,IMG_5505.JPG,8
1810,IMG_5515.JPG,8
1811,IMG_5525.JPG,8
1812,IMG_5535.JPG,8
1813,IMG_5545.JPG,8
1814,IMG_5560.JPG,8
1815,IMG_5570.JPG,8
1816,IMG_5580.JPG,8
1817,IMG_5590.JPG,8
1818,IMG_5600.JPG,8
1819,IMG_5613.JPG,8
1820,IMG_5623.JPG,8
1821,IMG_5633.JPG,8
1822,IMG_5643.JPG,8
1823,IMG_5653.JPG,8
1824,IMG_5663.JPG,8
1825,IMG_5673.JPG,8
1826,IMG_5683.JPG,8
1827,IMG_5693.JPG,8
1828,IMG_5703.JPG,8
1829,IMG_5713.JPG,8
1830,IMG_5724.JPG,8
1831,IMG_5734.JPG,8
1832,IMG_5744.JPG,8
1833,IMG_5754.JPG,8
1834,IMG_5764.JPG,8
1835,IMG_5774.JPG,8
1836,IMG_5784.JPG,8
1837,IMG_5794.JPG,8
1838,IMG_5804.JPG,8
1839,IMG_5814.JPG,8
1840,IMG_5824.JPG,8
1841,IMG_5834.JPG,8
1842,IMG_5845.JPG,8
1843,IMG_5855.JPG,8
1844,IMG_5865.JPG,8
1845,IMG_5875.JPG,8
1846,IMG_5885.JPG,8
1847,IMG_5895.JPG,8
1848,IMG_5905.JPG,8
1849,IMG_5916.JPG,8
1850,IMG_5926.JPG,8
1851,IMG_5936.JPG,8
1852,IMG_5948.JPG,8
1853,IMG_5958.JPG,8
1854,IMG_5970.JPG,8
1855,IMG_5979.JPG,8
1856,IMG_5989.JPG,8
1857,IMG_5999.JPG,8
1858,IMG_1127.JPG,9
1859,IMG_1137.JPG,9
1860,IMG_1147.JPG,9
1861,IMG_1157.JPG,9
1862,IMG_1168.JPG,9
1863,IMG_1178.JPG,9
1864,IMG_1188.JPG,9
1865,IMG_1198.JPG,9
1866,IMG_1208.JPG,9
1867,IMG_1218.JPG,9
1868,IMG_1228.JPG,9
1869,IMG_1238.JPG,9
1870,IMG_1248.JPG,9
1871,IMG_1259.JPG,9
1872,IMG_1269.JPG,9
1873,IMG_1279.JPG,9
1874,IMG_1289.JPG,9
1875,IMG_1300.JPG,9
1876,IMG_1311.JPG,9
1877,IMG_1321.JPG,9
1878,IMG_1331.JPG,9
1879,IMG_4048.JPG,9
1880,IMG_4058.JPG,9
1881,IMG_4068.JPG,9
1882,IMG_4078.JPG,9
1883,IMG_4088.JPG,9
1884,IMG_4098.JPG,9
1885,IMG_4108.JPG,9
1886,IMG_4118.JPG,9
1887,IMG_4128.JPG,9
1888,IMG_4138.JPG,9
1889,IMG_4148.JPG,9
1890,IMG_4158.JPG,9
1891,IMG_4169.JPG,9
1892,IMG_4180.JPG,9
1893,IMG_4190.JPG,9
1894,IMG_4202.JPG,9
1895,IMG_4212.JPG,9
1896,IMG_4222.JPG,9
1897,IMG_4232.JPG,9
1898,IMG_4242.JPG,9
1899,IMG_4253.JPG,9
1900,IMG_4265.JPG,9
1901,IMG_4275.JPG,9
1902,IMG_4285.JPG,9
1903,IMG_4295.JPG,9
1904,IMG_4305.JPG,9
1905,IMG_4315.JPG,9
1906,IMG_4326.JPG,9
1907,IMG_4337.JPG,9
1908,IMG_4347.JPG,9
1909,IMG_4357.JPG,9
1910,IMG_4368.JPG,9
1911,IMG_4379.JPG,9
1912,IMG_4390.JPG,9
1913,IMG_4400.JPG,9
1914,IMG_4412.JPG,9
1915,IMG_4422.JPG,9
1916,IMG_4434.JPG,9
1917,IMG_4445.JPG,9
1918,IMG_4455.JPG,9
1919,IMG_4465.JPG,9
1920,IMG_4475.JPG,9
1921,IMG_4485.JPG,9
1922,IMG_4495.JPG,9
1923,IMG_4505.JPG,9
1924,IMG_4515.JPG,9
1925,IMG_4542.JPG,9
1926,IMG_4553.JPG,9
1927,IMG_4563.JPG,9
1928,IMG_4573.JPG,9
1929,IMG_4582.JPG,9
1930,IMG_4593.JPG,9
1931,IMG_4603.JPG,9
1932,IMG_4613.JPG,9
1933,IMG_4623.JPG,9
1934,IMG_4633.JPG,9
1935,IMG_4643.JPG,9
1936,IMG_4673.JPG,9
1937,IMG_4683.JPG,9
1938,IMG_4693.JPG,9
1939,IMG_4703.JPG,9
1940,IMG_4714.JPG,9
1941,IMG_4724.JPG,9
1942,IMG_4734.JPG,9
1943,IMG_4744.JPG,9
1944,IMG_4754.JPG,9
1945,IMG_4764.JPG,9
1946,IMG_4775.JPG,9
1947,IMG_4785.JPG,9
1948,IMG_4795.JPG,9
1949,IMG_4805.JPG,9
1950,IMG_4825.JPG,9
1951,IMG_4835.JPG,9
1952,IMG_4845.JPG,9
1953,IMG_4855.JPG,9
1954,IMG_4865.JPG,9
1955,IMG_4875.JPG,9
1956,IMG_4885.JPG,9
1957,IMG_4895.JPG,9
1958,IMG_4905.JPG,9
1959,IMG_4915.JPG,9
1960,IMG_4925.JPG,9
1961,IMG_4935.JPG,9
1962,IMG_4945.JPG,9
1963,IMG_4955.JPG,9
1964,IMG_4965.JPG,9
1965,IMG_4975.JPG,9
1966,IMG_4985.JPG,9
1967,IMG_4995.JPG,9
1968,IMG_5006.JPG,9
1969,IMG_5016.JPG,9
1970,IMG_5026.JPG,9
1971,IMG_5040.JPG,9
1972,IMG_5052.JPG,9
1973,IMG_5062.JPG,9
1974,IMG_5073.JPG,9
1975,IMG_5084.JPG,9
1976,IMG_5100.JPG,9
1977,IMG_5110.JPG,9
1978,IMG_5120.JPG,9
1979,IMG_5131.JPG,9
1980,IMG_5141.JPG,9
1981,IMG_5151.JPG,9
1982,IMG_5162.JPG,9
1983,IMG_5172.JPG,9
1984,IMG_5182.JPG,9
1985,IMG_5192.JPG,9
1986,IMG_5202.JPG,9
1987,IMG_5212.JPG,9
1988,IMG_5222.JPG,9
1989,IMG_5233.JPG,9
1990,IMG_5243.JPG,9
1991,IMG_5254.JPG,9
1992,IMG_5265.JPG,9
1993,IMG_5275.JPG,9
1994,IMG_5285.JPG,9
1995,IMG_5296.JPG,9
1996,IMG_5307.JPG,9
1997,IMG_5317.JPG,9
1998,IMG_5327.JPG,9
1999,IMG_5338.JPG,9
2000,IMG_5349.JPG,9
2001,IMG_5359.JPG,9
2002,IMG_5369.JPG,9
2003,IMG_5379.JPG,9
2004,IMG_5389.JPG,9
2005,IMG_5399.JPG,9
2006,IMG_5411.JPG,9
2007,IMG_5421.JPG,9
2008,IMG_5431.JPG,9
2009,IMG_5455.JPG,9
2010,IMG_5465.JPG,9
2011,IMG_5475.JPG,9
2012,IMG_5485.JPG,9
2013,IMG_5496.JPG,9
2014,IMG_5506.JPG,9
2015,IMG_5516.JPG,9
2016,IMG_5526.JPG,9
2017,IMG_5536.JPG,9
2018,IMG_5546.JPG,9
2019,IMG_5561.JPG,9
2020,IMG_5571.JPG,9
2021,IMG_5581.JPG,9
2022,IMG_5591.JPG,9
2023,IMG_5601.JPG,9
2024,IMG_5614.JPG,9
2025,IMG_5624.JPG,9
2026,IMG_5634.JPG,9
2027,IMG_5644.JPG,9
2028,IMG_5654.JPG,9
2029,IMG_5664.JPG,9
2030,IMG_5674.JPG,9
2031,IMG_5684.JPG,9
2032,IMG_5694.JPG,9
2033,IMG_5704.JPG,9
2034,IMG_5714.JPG,9
2035,IMG_5725.JPG,9
2036,IMG_5735.JPG,9
2037,IMG_5745.JPG,9
2038,IMG_5755.JPG,9
2039,IMG_5765.JPG,9
2040,IMG_5775.JPG,9
2041,IMG_5785.JPG,9
2042,IMG_5795.JPG,9
2043,IMG_5805.JPG,9
2044,IMG_5815.JPG,9
2045,IMG_5825.JPG,9
2046,IMG_5835.JPG,9
2047,IMG_5846.JPG,9
2048,IMG_5856.JPG,9
2049,IMG_5866.JPG,9
2050,IMG_5876.JPG,9
2051,IMG_5886.JPG,9
2052,IMG_5896.JPG,9
2053,IMG_5906.JPG,9
2054,IMG_5917.JPG,9
2055,IMG_5927.JPG,9
2056,IMG_5937.JPG,9
2057,IMG_5949.JPG,9
2058,IMG_5959.JPG,9
2059,IMG_5969.JPG,9
2060,IMG_5980.JPG,9
2061,IMG_5990.JPG,9
